cell,noma_load,power_allocation,resource_allocation_oma,resource_allocation_noma,pair_selection
0,0.5822758280551295,"{(1, 21): (698.6565911712362, 101.34340882876383), (20, 26): (22.66284512125368, 777.3371548787463), (12, 18): (796.9991532570721, 3.000846742927987), (8, 22): (726.1968624231307, 73.80313757686929), (19, 25): (13.127810757545681, 786.8721892424543), (16, 23): (3.529161691968159, 796.4708383080318), (9, 29): (53.942908669963714, 746.0570913300363), (2, 13): (772.5063229183346, 27.493677081665343), (10, 14): (784.8490782586147, 15.150921741385387), (0, 5): (741.6279415264257, 58.372058473574306), (6, 15): (763.3682481943437, 36.63175180565632), (11, 24): (1.634003563869913, 798.3659964361301), (17, 27): (103.06730290930298, 696.932697090697), (3, 4): (101.38074518987979, 698.6192548101202), (7, 28): (21.66328770499059, 778.3367122950094)}","{1: 0.0, 21: 1.5210044719381842e-08, 20: 0.0, 26: 0.0, 12: 0.0, 18: 0.0, 8: 0.0, 22: 1.4497729842697687e-08, 19: 0.0, 25: 0.0, 16: 1.9223444033784103e-08, 23: 0.0, 9: 0.0, 29: 0.0, 2: 0.0, 13: 0.0, 10: 0.0, 14: 0.0, 0: 0.0, 5: 0.0, 6: 0.0, 15: 0.0, 11: 0.0, 24: 0.0, 17: 1.2261639171890181e-08, 27: 0.0, 3: 5.075819035839174e-09, 4: 0.0, 7: 0.0, 28: 0.0}","{(1, 21): 0.05138572393586051, (20, 26): 0.03553300851990959, (12, 18): 0.027811882838746006, (8, 22): 0.04782436107992269, (19, 25): 0.03361642561903526, (16, 23): 0.02470506095830921, (9, 29): 0.04217320672595333, (2, 13): 0.03828353744406253, (10, 14): 0.030052356798428978, (0, 5): 0.042828001803257396, (6, 15): 0.04010473949813265, (11, 24): 0.02439299469049737, (17, 27): 0.05397230848564903, (3, 4): 0.052974761716553215, (7, 28): 0.036700497548694755}","[(1, 21), (20, 26), (8, 22), (16, 23), (12, 18), (9, 29), (19, 25), (2, 13), (10, 14), (0, 5), (11, 24), (7, 28), (6, 15), (17, 27), (3, 4)]"
1,0.5362236826548274,"{(40, 46): (65.44850468211493, 734.551495317885), (55, 59): (47.05938636982329, 752.9406136301767), (42, 43): (794.420771471536, 5.579228528464037), (44, 50): (36.21019033053204, 763.789809669468), (39, 56): (722.2988490253791, 77.70115097462084), (37, 38): (45.25944219328338, 754.7405578067167), (30, 48): (797.0933166998741, 2.9066833001258643), (32, 45): (768.5577813637776, 31.442218636222435), (34, 52): (782.083161483309, 17.916838516690973), (33, 36): (758.69250958151, 41.30749041848999), (35, 53): (720.949126593886, 79.05087340611401), (57, 58): (74.31201581736326, 725.6879841826367), (47, 51): (743.0943816458123, 56.9056183541877), (49, 54): (6.224420664464629, 793.7755793355353), (31, 41): (790.375916560841, 9.624083439159001)}","{40: 1.2103389844159051e-08, 46: 0.0, 55: 0.0, 59: 0.0, 42: 0.0, 43: 0.0, 44: 0.0, 50: 0.0, 39: 0.0, 56: 3.0491463434618416e-09, 37: 4.007015175223696e-09, 38: 0.0, 30: 0.0, 48: 0.0, 32: 0.0, 45: 0.0, 34: 0.0, 52: 0.0, 33: 0.0, 36: 5.29437680233246e-09, 35: 0.0, 53: 0.0, 57: 0.0, 58: 0.0, 47: 0.0, 51: 0.0, 49: 1.2378835522580787e-08, 54: 0.0, 31: 0.0, 41: 5.912640871282853e-10}","{(40, 46): 0.0497816064678529, (55, 59): 0.036419243589158046, (42, 43): 0.021804816181378486, (44, 50): 0.032389394958041925, (39, 56): 0.05491608769259006, (37, 38): 0.038275848668430965, (30, 48): 0.020105257959928763, (32, 45): 0.02542015897359278, (34, 52): 0.02358661752032553, (33, 36): 0.0287546769246442, (35, 53): 0.05719861986657643, (57, 58): 0.06456610301961707, (47, 51): 0.039643513380212075, (49, 54): 0.02082698121099398, (31, 41): 0.022610715767688368}","[(40, 46), (42, 43), (55, 59), (31, 41), (37, 38), (39, 56), (32, 45), (34, 52), (33, 36), (35, 53), (44, 50), (57, 58), (49, 54), (30, 48), (47, 51)]"
2,0.4868277144342972,"{(65, 85): (767.4762940448462, 32.523705955153815), (75, 80): (12.300916709554455, 787.6990832904455), (64, 84): (774.7499616916635, 25.250038308336425), (69, 70): (10.53447400998323, 789.4655259900168), (67, 87): (41.98411098448304, 758.0158890155169), (72, 86): (11.394136979716924, 788.6058630202831), (81, 88): (14.500715387014257, 785.4992846129858), (71, 76): (11.63982455858516, 788.3601754414149), (68, 83): (9.678657677046791, 790.3213423229532), (73, 82): (5.566021578767787, 794.4339784212323), (62, 78): (752.7600928100572, 47.23990718994274), (66, 89): (37.12066488386077, 762.8793351161393), (61, 79): (764.749792026634, 35.250207973365995), (63, 77): (791.6750833505283, 8.32491664947166), (60, 74): (763.0577154690694, 36.94228453093055)}","{65: 0.0, 85: 4.522735187839674e-09, 75: 2.154500033373144e-09, 80: 0.0, 64: 0, 84: 4.6850250097502616e-09, 69: 0.0, 70: 0.0, 67: 1.4154978504420089e-08, 87: 0.0, 72: 0.0, 86: 0.0, 81: 0.0, 88: 0.0, 71: 0.0, 76: 0.0, 68: 0.0, 83: 0.0, 73: 0.0, 82: 0.0, 62: 0.0, 78: 0.0, 66: 3.998518512294934e-09, 89: 0.0, 61: 0.0, 79: 5.408055566055143e-09, 63: 0.0, 77: 0.0, 60: 0.0, 74: 0.0}","{(65, 85): 0.03570035318705654, (75, 80): 0.024756088232346193, (64, 84): 0.03439859720454441, (69, 70): 0.02649587982247799, (67, 87): 0.0456526815340909, (72, 86): 0.02660861013187233, (81, 88): 0.031571349834487436, (71, 76): 0.022874968263312583, (68, 83): 0.02092521778906141, (73, 82): 0.016017588540230054, (62, 78): 0.04833634926214002, (66, 89): 0.03948283534331547, (61, 79): 0.03717842289644922, (63, 77): 0.0196784197928492, (60, 74): 0.05721243778195849}","[(75, 80), (65, 85), (68, 83), (64, 84), (69, 70), (67, 87), (72, 86), (71, 76), (62, 78), (60, 74), (81, 88), (63, 77), (66, 89), (73, 82), (61, 79)]"
3,0.6966427658475751,"{(90, 116): (671.4355558758035, 128.56444412419646), (108, 114): (2.5062697753379366, 797.493730224662), (91, 117): (669.733811144118, 130.26618885588198), (99, 110): (764.228064329787, 35.771935670213004), (93, 113): (763.3025692292415, 36.69743077075848), (101, 118): (33.37793864243458, 766.6220613575654), (94, 98): (753.7889690887365, 46.211030911263485), (106, 115): (85.29862036052509, 714.7013796394749), (95, 104): (761.2233280110125, 38.77667198898748), (92, 111): (762.593402071668, 37.406597928332005), (100, 119): (35.72222983294594, 764.2777701670541), (97, 103): (779.5224955857536, 20.477504414246372), (96, 105): (725.3788604386825, 74.62113956131753), (109, 112): (664.8653908142505, 135.13460918574947), (102, 107): (798.5459962115372, 1.4540037884628365)}","{90: 0.0, 116: 0.0, 108: 0.0, 114: 0.0, 91: 0.0, 117: 1.8136439365899e-09, 99: 0, 110: 0, 93: 0.0, 113: 0.0, 101: 0.0, 118: 0.0, 94: 0.0, 98: 0.0, 106: 0.0, 115: 0.0, 95: 0.0, 104: 0.0, 92: 5.871059756469916e-18, 111: 2.2506264394933505e-18, 100: 1.3797856249839388e-08, 119: 0.0, 97: 0.0, 103: 6.76371479311162e-09, 96: 0.0, 105: 7.373615163697194e-09, 109: 0.0, 112: 0.0, 102: 0.0, 107: 0.0}","{(90, 116): 0.06646973768300671, (108, 114): 0.027551489707597042, (91, 117): 0.06758963675487578, (99, 110): 0.03717325329455298, (93, 113): 0.04930493145088151, (101, 118): 0.04085584500677622, (94, 98): 0.05135325069059768, (106, 115): 0.05880258049696985, (95, 104): 0.0322058215739036, (92, 111): 0.03537413681646509, (100, 119): 0.047408761747851955, (97, 103): 0.030191304329040443, (96, 105): 0.055332870377786544, (109, 112): 0.06993413280382939, (102, 107): 0.027206091957774736}","[(93, 113), (95, 104), (90, 116), (91, 117), (102, 107), (101, 118), (94, 98), (106, 115), (109, 112), (108, 114), (92, 111), (100, 119), (97, 103), (96, 105), (99, 110)]"
4,0.6534936481549145,"{(142, 149): (111.70683396631173, 688.2931660336883), (137, 141): (701.8008373881664, 98.19916261183356), (131, 136): (767.1779001280111, 32.82209987198893), (139, 144): (72.47720467645105, 727.522795323549), (134, 145): (10.871191193928471, 789.1288088060716), (121, 132): (798.4250720600362, 1.5749279399637774), (122, 125): (112.98983086823773, 687.0101691317623), (135, 140): (49.84380916168797, 750.156190838312), (128, 146): (94.49012884508323, 705.5098711549167), (126, 148): (121.43570576973228, 678.5642942302677), (133, 147): (26.122253113702143, 773.8777468862978), (124, 129): (798.4912001494613, 1.5087998505387081), (130, 143): (695.7706362739385, 104.22936372606151), (123, 127): (788.177822199623, 11.822177800376952), (120, 138): (684.6197954423285, 115.38020455767145)}","{142: 0.0, 149: 0.0, 137: 0.0, 141: 0.0, 131: 0.0, 136: 0.0, 139: 0.0, 144: 0.0, 134: 0.0, 145: 0.0, 121: 0.0, 132: 0.0, 122: 7.288323302838596e-09, 125: 0.0, 135: 0.0, 140: 0.0, 128: 0.0, 146: 0.0, 126: 4.123181375901909e-09, 148: 0.0, 133: 0.0, 147: 0.0, 124: 0.0, 129: 0.0, 130: 0.0, 143: 0.0, 123: 0.0, 127: 2.4364412626149765e-08, 120: 0.0, 138: 1.2774651699204663e-08}","{(142, 149): 0.059142047339124565, (137, 141): 0.04693671884227696, (131, 136): 0.0356716238631235, (139, 144): 0.04246976418807645, (134, 145): 0.02617010401141013, (121, 132): 0.024050392765300375, (122, 125): 0.06272842555098458, (135, 140): 0.0399313255978731, (128, 146): 0.048254177492430356, (126, 148): 0.055969021566359606, (133, 147): 0.032518787472931784, (124, 129): 0.023737270028658018, (130, 143): 0.06647359704748199, (123, 127): 0.028735387173287302, (120, 138): 0.060803508011852775}","[(139, 144), (137, 141), (121, 132), (135, 140), (126, 148), (122, 125), (128, 146), (133, 147), (131, 136), (124, 129), (142, 149), (130, 143), (123, 127), (134, 145), (120, 138)]"
5,0.4696107789002239,"{(150, 161): (776.7594528840629, 23.240547115937183), (162, 168): (789.9429636349125, 10.057036365087507), (159, 176): (27.864508820548945, 772.135491179451), (153, 165): (779.513093702511, 20.48690629748903), (152, 154): (777.2873613847097, 22.712638615290313), (160, 171): (777.5203224344697, 22.479677565530356), (173, 179): (27.835310946570058, 772.1646890534299), (174, 175): (24.23700788004492, 775.7629921199551), (156, 178): (30.728550068806975, 769.271449931193), (151, 166): (772.4826491922882, 27.517350807711775), (172, 177): (18.633794992516993, 781.366205007483), (164, 169): (773.9150054991851, 26.08499450081487), (157, 170): (781.7789846690725, 18.2210153309274), (158, 167): (13.860353483185945, 786.1396465168141), (155, 163): (795.1406483644689, 4.859351635531055)}","{150: 0.0, 161: 1.0041782498935167e-08, 162: 0.0, 168: 4.819838012646789e-09, 159: 0.0, 176: 0.0, 153: 0.0, 165: 1.5499199355762784e-08, 152: 0.0, 154: 0.0, 160: 0.0, 171: 1.0963953822726359e-09, 173: 0.0, 179: 0.0, 174: 0.0, 175: 0.0, 156: 6.1134749519496224e-09, 178: 0.0, 151: 0.0, 166: 5.002037124966946e-09, 172: 9.59765569995247e-09, 177: 0.0, 164: 0.0, 169: 0.0, 157: 0.0, 170: 6.648798407177245e-09, 158: 0.0, 167: 0.0, 155: 0.0, 163: 0.0}","{(150, 161): 0.040119807744297784, (162, 168): 0.018661105688534546, (159, 176): 0.02937340460195037, (153, 165): 0.022811313498038707, (152, 154): 0.04968410124223789, (160, 171): 0.04301645399636311, (173, 179): 0.05387861415902112, (174, 175): 0.03493619106880226, (156, 178): 0.03097605499492282, (151, 166): 0.027931178477284067, (172, 177): 0.026253809833812265, (164, 169): 0.030466313705681196, (157, 170): 0.024069350329259734, (158, 167): 0.021010692920577292, (155, 163): 0.016483211513125734}","[(156, 178), (164, 169), (162, 168), (153, 165), (150, 161), (159, 176), (152, 154), (157, 170), (160, 171), (174, 175), (172, 177), (173, 179), (151, 166), (158, 167), (155, 163)]"
6,0.4947032922736718,"{(199, 203): (42.580969550420164, 757.4190304495799), (195, 201): (762.23348136288, 37.76651863712003), (190, 209): (42.360556340626076, 757.6394436593739), (180, 194): (779.4357697927007, 20.564230207299307), (185, 204): (38.81477897165987, 761.1852210283402), (196, 205): (36.958894319612206, 763.0411056803878), (193, 208): (54.97961834555436, 745.0203816544456), (197, 207): (38.068904771840465, 761.9310952281595), (182, 187): (41.04344602999981, 758.9565539700002), (181, 198): (764.3035613773228, 35.696438622677235), (189, 202): (749.3143334062854, 50.685666593714544), (183, 206): (35.876711748774966, 764.1232882512251), (186, 200): (37.54733297044235, 762.4526670295577), (184, 191): (43.37018108555857, 756.6298189144414), (188, 192): (796.7994599587856, 3.200540041214331)}","{199: 5.7167899155826195e-09, 203: 0.0, 195: 0.0, 201: 0.0, 190: 0.0, 209: 0.0, 180: 0.0, 194: 0.0, 185: 4.897491467556434e-09, 204: 0.0, 196: 0.0, 205: 0.0, 193: 0.0, 208: 0.0, 197: 0.0, 207: 0.0, 182: 1.1863427832889087e-08, 187: 0.0, 181: 0.0, 198: 0.0, 189: 0.0, 202: 1.156668829000275e-08, 183: 3.1630581264070707e-10, 206: 0.0, 186: 4.965400453048527e-09, 200: 0.0, 184: 0.0, 191: 0.0, 188: 0.0, 192: 0.0}","{(199, 203): 0.028559080517426165, (195, 201): 0.031302760390526, (190, 209): 0.05439834395248849, (180, 194): 0.020238360072699135, (185, 204): 0.02709164517488513, (196, 205): 0.027939024090529826, (193, 208): 0.05670880275016783, (197, 207): 0.03995496373871697, (182, 187): 0.03506609819189245, (181, 198): 0.02670310278860996, (189, 202): 0.04215767940809542, (183, 206): 0.03414110827014681, (186, 200): 0.02461898842965557, (184, 191): 0.02879171093351575, (188, 192): 0.01709327236477689}","[(182, 187), (180, 194), (193, 208), (189, 202), (185, 204), (196, 205), (186, 200), (190, 209), (195, 201), (197, 207), (183, 206), (188, 192), (181, 198), (199, 203), (184, 191)]"
7,0.511560077301295,"{(233, 238): (22.313771957082427, 777.6862280429176), (223, 231): (773.9290900763367, 26.070909923663336), (215, 225): (786.7709603852069, 13.229039614793095), (232, 236): (20.221096230776784, 779.7789037692232), (222, 226): (793.0859397373632, 6.914060262636837), (211, 219): (779.378969823991, 20.621030176008908), (210, 224): (742.5658825748873, 57.43411742511273), (216, 218): (760.4972470451999, 39.502752954800094), (228, 237): (5.493596962244612, 794.5064030377554), (220, 227): (780.2722014813655, 19.72779851863446), (212, 230): (774.9944515556743, 25.0055484443256), (235, 239): (18.18213313162614, 781.8178668683738), (214, 229): (774.4093244743924, 25.590675525607633), (213, 217): (769.3421365269352, 30.657863473064797), (221, 234): (778.783975682898, 21.216024317102004)}","{233: 1.6407597169219012e-08, 238: 0.0, 223: 0.0, 231: 0.0, 215: 0.0, 225: 0.0, 232: 1.1866410174103477e-08, 236: 0.0, 222: 0.0, 226: 1.6573995356305026e-08, 211: 0.0, 219: 0.0, 210: 0.0, 224: 1.4973728343392406e-08, 216: 0.0, 218: 1.1699626712700131e-08, 228: 0.0, 237: 0.0, 220: 0.0, 227: 1.0905898442411094e-08, 212: 0.0, 230: 5.067224236795891e-09, 235: 0.0, 239: 0.0, 214: 0.0, 229: 4.9344248458823655e-09, 213: 0.0, 217: 0.0, 221: 0.0, 234: 6.878030066439131e-09}","{(233, 238): 0.048864951184364736, (223, 231): 0.026858223499705222, (215, 225): 0.020385164657706116, (232, 236): 0.025508067789017493, (222, 226): 0.018352402689166825, (211, 219): 0.03499119752059031, (210, 224): 0.0576594054249734, (216, 218): 0.05260618489757979, (228, 237): 0.017904270205195354, (220, 227): 0.031224321100996363, (212, 230): 0.027838570572805657, (235, 239): 0.04381344005944697, (214, 229): 0.02235122226775576, (213, 217): 0.05041741402787865, (221, 234): 0.03285561532807535}","[(210, 224), (213, 217), (233, 238), (223, 231), (232, 236), (222, 226), (221, 234), (211, 219), (216, 218), (220, 227), (228, 237), (214, 229), (212, 230), (215, 225), (235, 239)]"
8,0.5447604243315015,"{(250, 266): (742.8438680475253, 57.156131952474674), (241, 262): (745.853537176598, 54.146462823401926), (259, 269): (71.43543912041439, 728.5645608795857), (249, 256): (55.35806526390765, 744.6419347360924), (244, 245): (86.51004821426173, 713.4899517857383), (257, 264): (52.775940863104374, 747.2240591368957), (261, 263): (44.300492931681006, 755.699507068319), (258, 267): (48.37626441259668, 751.6237355874033), (240, 247): (691.1497244960144, 108.85027550398553), (252, 265): (101.77377466972172, 698.2262253302783), (242, 253): (755.4346535877012, 44.565346412298766), (260, 268): (16.226372829980182, 783.7736271700198), (251, 254): (7.3373671751571505, 792.6626328248428), (243, 246): (756.5363689805133, 43.463631019486634), (248, 255): (25.373316255177688, 774.6266837448223)}","{250: 0.0, 266: 0.0, 241: 0.0, 262: 0.0, 259: 5.686672924850072e-09, 269: 0.0, 249: 5.97739334644883e-09, 256: 0.0, 244: 1.5466336932001843e-09, 245: 0.0, 257: 7.4295378389209175e-09, 264: 0.0, 261: 9.857547736830956e-09, 263: 0.0, 258: 6.0788491707579876e-09, 267: 0.0, 240: 0.0, 247: 8.664736193373178e-10, 252: 0.0, 265: 0.0, 242: 0.0, 253: 0.0, 260: 0.0, 268: 0.0, 251: 1.009886023325896e-09, 254: 0.0, 243: 0.0, 246: 0.0, 248: 0.0, 255: 0.0}","{(250, 266): 0.040840045408158665, (241, 262): 0.037961807788403065, (259, 269): 0.04365866297689899, (249, 256): 0.03635011698790934, (244, 245): 0.04686933159682305, (257, 264): 0.03550958712331778, (261, 263): 0.02939269435330727, (258, 267): 0.03388653060352001, (240, 247): 0.051590815452162236, (252, 265): 0.04964459215498877, (242, 253): 0.03161511038024724, (260, 268): 0.02543854909373334, (251, 254): 0.024148375574777357, (243, 246): 0.03104257256247936, (248, 255): 0.02688316043682032}","[(241, 262), (259, 269), (244, 245), (261, 263), (258, 267), (252, 265), (240, 247), (249, 256), (257, 264), (242, 253), (260, 268), (251, 254), (250, 266), (243, 246), (248, 255)]"
9,0.46269308927566954,"{(275, 284): (794.0472335715706, 5.952766428429418), (279, 287): (793.9053467707153, 6.094653229284786), (271, 286): (786.2023976500707, 13.797602349929347), (282, 285): (787.9676511759467, 12.032348824053301), (272, 280): (795.2608366899832, 4.739163310016813), (278, 297): (9.90439486826997, 790.09560513173), (273, 289): (751.891174775914, 48.10882522408595), (274, 292): (785.5417235700406, 14.458276429959376), (270, 293): (772.510356982374, 27.48964301762605), (277, 298): (27.09795504273663, 772.9020449572633), (276, 281): (794.2609115597488, 5.7390884402512095), (291, 295): (8.448445508139187, 791.5515544918608), (288, 296): (9.790502956716988, 790.209497043283), (283, 290): (48.13054095920134, 751.8694590407987), (294, 299): (61.3179082888271, 738.6820917111729)}","{275: 0.0, 284: 0.0, 279: 0.0, 287: 6.187314207961053e-09, 271: 0.0, 286: 4.050840587436886e-09, 282: 0.0, 285: 0.0, 272: 0.0, 280: 0.0, 278: 0.0, 297: 0.0, 273: 0.0, 289: 0.0, 274: 0.0, 292: 0.0, 270: 0.0, 293: 0.0, 277: 0.0, 298: 0.0, 276: 0.0, 281: 0.0, 291: 0.0, 295: 0.0, 288: 0.0, 296: 0.0, 283: 1.0565670042421176e-08, 290: 0.0, 294: 0.0, 299: 0.0}","{(275, 284): 0.019739719293021346, (279, 287): 0.017499148402362094, (271, 286): 0.02639894204068178, (282, 285): 0.033591320403156225, (272, 280): 0.022605273885032487, (278, 297): 0.024754360317701167, (273, 289): 0.0446463111017259, (274, 292): 0.027352262121305586, (270, 293): 0.03887503282578979, (277, 298): 0.04137207757648481, (276, 281): 0.01916039233083823, (291, 295): 0.023485857398392422, (288, 296): 0.02376810084910233, (283, 290): 0.0485467301936138, (294, 299): 0.050957146412986154}","[(276, 281), (275, 284), (279, 287), (270, 293), (294, 299), (282, 285), (271, 286), (273, 289), (274, 292), (278, 297), (277, 298), (272, 280), (291, 295), (283, 290), (288, 296)]"
10,0.540933229652313,"{(314, 320): (4.720945674640687, 795.2790543253593), (307, 317): (786.7945489834043, 13.20545101659572), (304, 318): (777.9057339569435, 22.094266043056486), (306, 325): (774.9930827006834, 25.006917299316616), (315, 321): (14.628647471736357, 785.3713525282636), (309, 311): (785.351256004189, 14.648743995810943), (308, 323): (52.90036378194714, 747.0996362180529), (303, 316): (794.6003610235047, 5.3996389764953925), (300, 324): (763.0784418084536, 36.92155819154643), (301, 312): (760.1929848199401, 39.807015180059935), (305, 329): (68.51642002249892, 731.4835799775011), (319, 327): (2.3684012603078592, 797.6315987396921), (313, 322): (782.166863885725, 17.833136114275003), (326, 328): (36.45307099982537, 763.5469290001746), (302, 310): (769.4152155492403, 30.584784450759734)}","{314: 0.0, 320: 0.0, 307: 0.0, 317: 0.0, 304: 0.0, 318: 9.858469784672946e-09, 306: 0.0, 325: 0.0, 315: 0.0, 321: 0.0, 309: 0.0, 311: 2.120131385830751e-08, 308: 1.3744717914491216e-08, 323: 0.0, 303: 0.0, 316: 0.0, 300: 0.0, 324: 1.5450032549284825e-08, 301: 0.0, 312: 0.0, 305: 1.6660815553122133e-08, 329: 0.0, 319: 0.0, 327: 0.0, 313: 0.0, 322: 4.201260462928016e-09, 326: 0.0, 328: 0.0, 302: 0.0, 310: 0.0}","{(314, 320): 0.0231471747443086, (307, 317): 0.031000230626266563, (304, 318): 0.03201141996096109, (306, 325): 0.03498829332383896, (315, 321): 0.029149041846460923, (309, 311): 0.029222076277673044, (308, 323): 0.04933138392851989, (303, 316): 0.024115962236152415, (300, 324): 0.045056057944936126, (301, 312): 0.04773074517210188, (305, 329): 0.06418892635264596, (319, 327): 0.019415664325579084, (313, 322): 0.026591791088762633, (326, 328): 0.04466144632554837, (302, 310): 0.04039976290756328}","[(315, 321), (305, 329), (301, 312), (308, 323), (307, 317), (314, 320), (306, 325), (304, 318), (309, 311), (319, 327), (326, 328), (303, 316), (300, 324), (313, 322), (302, 310)]"
11,0.5060115235843202,"{(343, 353): (24.221905476758725, 775.7780945232413), (335, 347): (771.7840431274522, 28.21595687254784), (336, 354): (755.5933343875349, 44.406665612465126), (332, 352): (781.2357995540543, 18.764200445945665), (337, 351): (776.9738052408103, 23.026194759189657), (333, 345): (774.5466424452471, 25.453357554752905), (330, 341): (779.5456776542567, 20.454322345743364), (338, 358): (26.457978342716142, 773.5420216572838), (331, 340): (756.043077516823, 43.95692248317701), (334, 348): (787.1536747612146, 12.846325238785461), (346, 359): (20.094563199372978, 779.9054368006271), (342, 344): (773.4856212637702, 26.514378736229773), (355, 356): (47.81545414997368, 752.1845458500263), (349, 357): (19.70169487360335, 780.2983051263966), (339, 350): (772.813935355124, 27.186064644875973)}","{343: 1.855476261649713e-08, 353: 0.0, 335: 0.0, 347: 0.0, 336: 0.0, 354: 0.0, 332: 0.0, 352: 0.0, 337: 0.0, 351: 1.3694551132808976e-08, 333: 0.0, 345: 8.514209722853529e-10, 330: 0.0, 341: 1.5238443104298015e-08, 338: 2.9228294313160978e-09, 358: 0.0, 331: 0.0, 340: 6.688907196880893e-09, 334: 0.0, 348: 5.497569484755025e-09, 346: 0.0, 359: 0.0, 342: 0.0, 344: 1.1194227902021516e-08, 355: 0.0, 356: 0.0, 349: 0.0, 357: 0.0, 339: 0.0, 350: 8.168087358618882e-09}","{(343, 353): 0.02685164672941174, (335, 347): 0.02323453462808369, (336, 354): 0.051963378519906164, (332, 352): 0.03358250818103681, (337, 351): 0.028142985089324286, (333, 345): 0.02093062264737891, (330, 341): 0.03662373063730261, (338, 358): 0.04118613748609501, (331, 340): 0.050178628888849955, (334, 348): 0.017867217684154613, (346, 359): 0.03950612985561207, (342, 344): 0.024231670790974866, (355, 356): 0.05504066130515041, (349, 357): 0.03440063172339837, (339, 350): 0.022341528926589173}","[(334, 348), (335, 347), (342, 344), (332, 352), (333, 345), (336, 354), (337, 351), (330, 341), (338, 358), (331, 340), (343, 353), (346, 359), (355, 356), (349, 357), (339, 350)]"
12,0.4827656334496884,"{(360, 377): (751.8977773201588, 48.1022226798412), (370, 375): (765.9177495469372, 34.082250453062805), (368, 383): (9.469641456004327, 790.5303585439957), (361, 367): (781.8703012106051, 18.12969878939489), (372, 384): (32.679916133413975, 767.3200838665861), (374, 387): (30.523878505338644, 769.4761214946614), (363, 380): (55.22483829050405, 744.7751617094959), (366, 371): (794.0858732839313, 5.914126716068759), (378, 389): (35.004808252361684, 764.9951917476383), (381, 385): (54.19435073787653, 745.8056492621234), (379, 388): (49.27048925796768, 750.7295107420323), (376, 386): (48.77564711850427, 751.2243528814957), (362, 373): (763.2800502028355, 36.71994979716455), (364, 382): (744.7156135052966, 55.284386494703455), (365, 369): (35.18851018321237, 764.8114898167876)}","{360: 0.0, 377: 0.0, 370: 0.0, 375: 8.312925196032409e-09, 368: 0.0, 383: 0.0, 361: 0.0, 367: 5.621507459031826e-09, 372: 6.534156189969345e-09, 384: 0.0, 374: 1.1330336960615659e-08, 387: 0.0, 363: 1.4454093837181401e-08, 380: 0.0, 366: 0.0, 371: 0.0, 378: 0.0, 389: 0.0, 381: 6.493606630734198e-10, 385: 0.0, 379: 0.0, 388: 0.0, 376: 0.0, 386: 0.0, 362: 0.0, 373: 3.3485603709395023e-09, 364: 0.0, 382: 5.575484199185869e-09, 365: 1.8165944157834016e-09, 369: 0.0}","{(360, 377): 0.04192254833043968, (370, 375): 0.021773332427288843, (368, 383): 0.01818410992531539, (361, 367): 0.019471782782705227, (372, 384): 0.025874524599310444, (374, 387): 0.027153978261588274, (363, 380): 0.04352257117755076, (366, 371): 0.01735401619549258, (378, 389): 0.0366433041105689, (381, 385): 0.04610227672296717, (379, 388): 0.04131190152280052, (376, 386): 0.039197542299389806, (362, 373): 0.03091293064912938, (364, 382): 0.04515672820691237, (365, 369): 0.02823976603350633}","[(360, 377), (370, 375), (374, 387), (368, 383), (361, 367), (366, 371), (363, 380), (372, 384), (381, 385), (378, 389), (362, 373), (379, 388), (376, 386), (364, 382), (365, 369)]"
13,0.3831101100077303,"{(401, 403): (788.0914508894882, 11.908549110511812), (391, 410): (776.6221015219782, 23.377898478021883), (412, 418): (51.89944431337279, 748.1005556866272), (398, 411): (781.194745188135, 18.805254811864977), (399, 416): (23.634719341122473, 776.3652806588775), (407, 419): (23.834990749514056, 776.1650092504859), (397, 417): (57.83327862364917, 742.1667213763508), (393, 405): (787.3550498521462, 12.644950147853816), (404, 414): (26.905470068110073, 773.09452993189), (396, 409): (775.9180453647817, 24.08195463521829), (400, 406): (748.6174845228976, 51.382515477102395), (392, 413): (777.9207764986646, 22.07922350133541), (402, 415): (13.272520744689894, 786.7274792553101), (394, 408): (777.4571995103292, 22.542800489670775), (390, 395): (753.1153032086132, 46.884696791386794)}","{401: 0.0, 403: 0.0, 391: 0.0, 410: 0.0, 412: 1.4924572477636365e-08, 418: 0.0, 398: 0.0, 411: 7.982733145524024e-09, 399: 1.2426069718923593e-09, 416: 0.0, 407: 0.0, 419: 0.0, 397: 3.0209767399538094e-09, 417: 0.0, 393: 0.0, 405: 1.8749434291991464e-09, 404: 0.0, 414: 0.0, 396: 0.0, 409: 0.0, 400: 0.0, 406: 1.6949028096441677e-08, 392: 0.0, 413: 1.2551257095511022e-08, 402: 8.02903541357439e-09, 415: 2.84486233165571e-18, 394: 0.0, 408: 6.097029088776864e-09, 390: 0.0, 395: 7.24573138554812e-09}","{(401, 403): 0.016525982567712344, (391, 410): 0.025450978352887337, (412, 418): 0.037316929867537096, (398, 411): 0.01926407079156154, (399, 416): 0.02673488170575876, (407, 419): 0.026004655537672137, (397, 417): 0.030400315116455336, (393, 405): 0.018159699037550388, (404, 414): 0.02187568213842199, (396, 409): 0.021447164522185543, (400, 406): 0.0337092987332539, (392, 413): 0.020908742374499016, (402, 415): 0.017257507532070178, (394, 408): 0.020242659996697984, (390, 395): 0.04784991392634473}","[(397, 417), (401, 403), (391, 410), (390, 395), (393, 405), (399, 416), (404, 414), (396, 409), (398, 411), (412, 418), (407, 419), (400, 406), (392, 413), (394, 408), (402, 415)]"
14,0.5557959259517387,"{(422, 433): (778.6399779506314, 21.36002204936861), (429, 430): (20.076926754127125, 779.9230732458728), (424, 427): (796.3495025688151, 3.6504974311849567), (421, 434): (752.5893351854062, 47.41066481459386), (431, 447): (23.659032800270808, 776.3409671997292), (425, 444): (10.683384834706558, 789.3166151652935), (423, 438): (63.034598829558874, 736.9654011704412), (420, 442): (727.3024938429971, 72.69750615700289), (426, 436): (3.7906962033478178, 796.2093037966522), (443, 446): (70.52480310324778, 729.4751968967522), (428, 445): (44.89957730322186, 755.1004226967782), (441, 449): (69.42322035289743, 730.5767796471025), (432, 435): (86.58765997021085, 713.4123400297891), (437, 440): (753.8859958285115, 46.11400417148857), (439, 448): (47.97921136446809, 752.0207886355319)}","{422: 0.0, 433: 0.0, 429: 0.0, 430: 0.0, 424: 0.0, 427: 0.0, 421: 0.0, 434: 6.739783067523895e-09, 431: 0.0, 447: 0.0, 425: 4.792571748946471e-10, 444: 0.0, 423: 0.0, 438: 0.0, 420: 0.0, 442: 0.0, 426: 0.0, 436: 0.0, 443: 0.0, 446: 0.0, 428: 0.0, 445: 0.0, 441: 7.053357855848198e-09, 449: 0.0, 432: 0.0, 435: 0.0, 437: 0.0, 440: 0.0, 439: 3.2136829705726555e-10, 448: 0.0}","{(422, 433): 0.030849089092922374, (429, 430): 0.030703389442234046, (424, 427): 0.020942230694123654, (421, 434): 0.03609835365807702, (431, 447): 0.02749891693971781, (425, 444): 0.02261357856997101, (423, 438): 0.04535244005727587, (420, 442): 0.05075247257390847, (426, 436): 0.021412698152537456, (443, 446): 0.048487423817826905, (428, 445): 0.037440887570790504, (441, 449): 0.047711582305040204, (432, 435): 0.05256985228784167, (437, 440): 0.04120098898800806, (439, 448): 0.04223834707843155}","[(422, 433), (429, 430), (424, 427), (432, 435), (421, 434), (431, 447), (425, 444), (420, 442), (439, 448), (426, 436), (443, 446), (441, 449), (428, 445), (423, 438), (437, 440)]"
15,0.651100515117767,"{(472, 478): (8.646230568084855, 791.3537694319151), (455, 459): (761.2587147631587, 38.74128523684129), (468, 471): (8.669494002582445, 791.3305059974175), (458, 464): (37.27257585828998, 762.72742414171), (451, 470): (103.47117876239345, 696.5288212376065), (460, 462): (787.2916070539131, 12.708392946086825), (452, 463): (791.9046480285427, 8.09535197145723), (453, 466): (75.10397421552553, 724.8960257844744), (456, 469): (50.75135441892439, 749.2486455810756), (467, 475): (737.2734185361693, 62.72658146383076), (450, 465): (791.3493376287755, 8.650662371224515), (473, 474): (766.7528193360541, 33.24718066394592), (457, 477): (60.26448788078291, 739.7355121192171), (461, 479): (36.30750698359503, 763.692493016405), (454, 476): (743.5315600220888, 56.46843997791117)}","{472: 2.5869830354726024e-08, 478: 0.0, 455: 0.0, 459: 0.0, 468: 7.868950832693938e-10, 471: 0.0, 458: 0.0, 464: 0.0, 451: 0.0, 470: 0.0, 460: 0.0, 462: 0.0, 452: 0.0, 463: 0.0, 453: 0.0, 466: 0.0, 456: 1.7879888433312124e-08, 469: 0.0, 467: 0.0, 475: 0.0, 450: 0.0, 465: 0.0, 473: 0.0, 474: 0.0, 457: 7.32151177553273e-09, 477: 0.0, 461: 1.599031499732783e-08, 479: 0.0, 454: 0.0, 476: 0.0}","{(472, 478): 0.03030537045904437, (455, 459): 0.04267780836661768, (468, 471): 0.023111095903160954, (458, 464): 0.043724721472762754, (451, 470): 0.06531641726917033, (460, 462): 0.03508776172052028, (452, 463): 0.032291091402317174, (453, 466): 0.059804240399131375, (456, 469): 0.04536893398400746, (467, 475): 0.05547864844728195, (450, 465): 0.03235751910991684, (473, 474): 0.03919649727170904, (457, 477): 0.057070246796178725, (461, 479): 0.04151615331452381, (454, 476): 0.04789777616402048}","[(472, 478), (468, 471), (460, 462), (451, 470), (458, 464), (452, 463), (454, 476), (453, 466), (456, 469), (467, 475), (473, 474), (457, 477), (455, 459), (461, 479), (450, 465)]"
16,0.5262871092337478,"{(488, 505): (750.6643752172038, 49.33562478279628), (493, 503): (751.7406036915014, 48.25939630849858), (492, 494): (24.961327668209126, 775.0386723317908), (484, 485): (15.23692816052104, 784.7630718394789), (486, 504): (20.89289180548872, 779.1071081945113), (489, 501): (37.62550163422166, 762.3744983657783), (482, 483): (782.9783978659472, 17.021602134052795), (490, 500): (754.9367865109757, 45.063213489024264), (498, 508): (21.03297735212345, 778.9670226478765), (481, 487): (787.7511282925866, 12.248871707413414), (497, 506): (16.833143071032666, 783.1668569289674), (491, 507): (24.601700604691107, 775.3982993953089), (495, 496): (792.9386646801809, 7.061335319819142), (499, 502): (46.726020666062816, 753.2739793339372), (480, 509): (48.70875425475321, 751.2912457452468)}","{488: 0.0, 505: 0.0, 493: 0.0, 503: 4.3578661562512996e-09, 492: 1.927369723447788e-09, 494: 0.0, 484: 3.736685274253465e-09, 485: 0.0, 486: 9.613410184829926e-09, 504: 0.0, 489: 0.0, 501: 0.0, 482: 0.0, 483: 4.579810686582806e-10, 490: 0.0, 500: 1.4477661546067552e-09, 498: 0.0, 508: 0.0, 481: 0.0, 487: 0.0, 497: 0.0, 506: 0.0, 491: 0.0, 507: 0.0, 495: 0.0, 496: 0.0, 499: 3.170489984363364e-09, 502: 0.0, 480: 1.1594356765967712e-08, 509: 0.0}","{(488, 505): 0.04371028057705431, (493, 503): 0.04523678703896099, (492, 494): 0.03225518791095289, (484, 485): 0.029395303386999458, (486, 504): 0.023663209081934325, (489, 501): 0.03601952227451195, (482, 483): 0.029761621871847423, (490, 500): 0.04828682608747656, (498, 508): 0.030715957026833045, (481, 487): 0.022475258389816254, (497, 506): 0.027614588470201887, (491, 507): 0.0314875655932782, (495, 496): 0.018121500187722267, (499, 502): 0.049935013406341974, (480, 509): 0.05767969173852293}","[(488, 505), (493, 503), (492, 494), (484, 485), (489, 501), (495, 496), (482, 483), (486, 504), (490, 500), (481, 487), (498, 508), (491, 507), (497, 506), (499, 502), (480, 509)]"
17,0.4400796300584208,"{(527, 538): (16.92375208718132, 783.0762479128186), (526, 533): (6.355075611534073, 793.6449243884659), (514, 531): (772.6186459341973, 27.381354065802753), (532, 539): (17.32253919012067, 782.6774608098793), (520, 535): (25.485576555790466, 774.5144234442096), (517, 528): (789.5342291572922, 10.46577084270785), (524, 537): (7.427305789893601, 792.5726942101064), (523, 534): (9.144088921630095, 790.8559110783699), (521, 522): (11.511140693223807, 788.4888593067762), (515, 529): (778.9862199732446, 21.013780026755374), (513, 518): (782.2755459936359, 17.724454006364144), (525, 536): (8.73952211105459, 791.2604778889454), (512, 516): (787.6615202406188, 12.338479759381194), (511, 530): (783.5358530079957, 16.464146992004366), (510, 519): (785.6316044632295, 14.368395536770503)}","{527: 0.0, 538: 0.0, 526: 0.0, 533: 0.0, 514: 0.0, 531: 5.059708275226935e-09, 532: 1.6226907390237992e-08, 539: 0.0, 520: 0.0, 535: 0.0, 517: 0.0, 528: 1.0090693018012972e-08, 524: 0.0, 537: 0.0, 523: 5.565544890768396e-09, 534: 0.0, 521: 0.0, 522: 0.0, 515: 0.0, 529: 0.0, 513: 0.0, 518: 0.0, 525: 0.0, 536: 0.0, 512: 0.0, 516: 0.0, 511: 0.0, 530: 0.0, 510: 0.0, 519: 0.0}","{(527, 538): 0.051568155361341794, (526, 533): 0.01343503163368076, (514, 531): 0.0252838988954806, (532, 539): 0.048535267543333455, (520, 535): 0.027254943686623692, (517, 528): 0.015140061691105312, (524, 537): 0.017113860912405007, (523, 534): 0.018266565416934458, (521, 522): 0.021414908021174774, (515, 529): 0.032461082127494684, (513, 518): 0.03542376836325459, (525, 536): 0.019111395205524864, (512, 516): 0.045862308230812734, (511, 530): 0.022316707432619536, (510, 519): 0.0469459345995816}","[(532, 539), (514, 531), (517, 528), (511, 530), (525, 536), (520, 535), (524, 537), (523, 534), (521, 522), (513, 518), (526, 533), (512, 516), (515, 529), (510, 519), (527, 538)]"
18,0.5005532965317314,"{(562, 567): (32.56417191589223, 767.4358280841078), (552, 558): (777.7746490592106, 22.225350940789465), (560, 561): (16.728388997362877, 783.2716110026371), (541, 548): (775.7104160903823, 24.289583909617672), (540, 563): (766.4928567920325, 33.507143207967445), (543, 551): (774.1858290315042, 25.81417096849574), (553, 559): (778.0591955530938, 21.940804446906235), (549, 550): (29.957883474668545, 770.0421165253315), (545, 557): (775.4406495152786, 24.55935048472142), (554, 556): (788.9565021268654, 11.043497873134584), (555, 566): (16.809777590563108, 783.1902224094368), (542, 565): (769.1629063198785, 30.837093680121498), (547, 568): (27.201629516826394, 772.7983704831736), (564, 569): (30.507721197379247, 769.4922788026207), (544, 546): (776.1696807158263, 23.830319284173743)}","{562: 1.606332780626774e-08, 567: 0.0, 552: 0.0, 558: 0.0, 560: 4.582455969309199e-09, 561: 0.0, 541: 0.0, 548: 1.4664814411058765e-09, 540: 0.0, 563: 0.0, 543: 0.0, 551: 7.108319017317023e-09, 553: 0.0, 559: 6.191275890601803e-09, 549: 1.5576527064683343e-08, 550: 0.0, 545: 0.0, 557: 0.0, 554: 0, 556: 0, 555: 4.1057466032904335e-09, 566: 0.0, 542: 0.0, 565: 0.0, 547: 6.224569692802874e-09, 568: 0.0, 564: 0.0, 569: 0.0, 544: 0.0, 546: 0.0}","{(562, 567): 0.03797600635667081, (552, 558): 0.02236015430315099, (560, 561): 0.025291405250309394, (541, 548): 0.03700450145900876, (540, 563): 0.0402726102146297, (543, 551): 0.02896218361268557, (553, 559): 0.021935622935685024, (549, 550): 0.056481450308100506, (545, 557): 0.0349588511596227, (554, 556): 0.017177008140497982, (555, 566): 0.021040351829045623, (542, 565): 0.04438814635138345, (547, 568): 0.031646624087655825, (564, 569): 0.04631035085482736, (544, 546): 0.03481697384907127}","[(562, 567), (552, 558), (547, 568), (560, 561), (564, 569), (543, 551), (542, 565), (553, 559), (549, 550), (545, 557), (554, 556), (555, 566), (541, 548), (544, 546), (540, 563)]"
